Dataset,Factors type,Codes type,Modularity,Compactness,Informativeness
4_Human_Lymph_Node,"(3460, 4)","(3460, 7)",0.09150724461499032,0.06790107975124712,0.8643179351469353
4_Human_Lymph_Node,"(3460, 7)","(3460, 7)",0.10581425830473681,0.09525337208540381,0.8762639867320108
